n_proc,time
1,0.007847
2,0.004683
4,0.005274